{
  "categories": [
    {
      "id": 0,
      "name": "Apple"
    },
    {
      "id": 1,
      "name": "Banana"
    },
    {
      "id": 2,
      "name": "Grapes"
    },
    {
      "id": 3,
      "name": "Guava"
    },
    {
      "id": 4,
      "name": "Hog Plum"
    },
    {
      "id": 5,
      "name": "Jackfruit"
    },
    {
      "id": 6,
      "name": "Litchi"
    },
    {
      "id": 7,
      "name": "Mango"
    },
    {
      "id": 8,
      "name": "Orange"
    },
    {
      "id": 9,
      "name": "Papaya"
    }
  ],
  "info": {
    "year": 2025,
    "version": "1.0",
    "contributor": "Label Studio"
  }
}